{
    "render": {
        "api_key": "rnd_Z6F7JbvZPtHMTo5pCHDjm3p6s8WT",
        "service_id": "srv-d2ckh46r433s73appvug",
        "account_id": "gerardoenriquejaimesestrad@gmail.com"
    },
    "deploy": {
        "exclude_patterns": [
            "__pycache__",
            "*.pyc",
            "*.pyo",
            "*.pyd",
            ".git",
            ".gitignore",
            ".env",
            "venv",
            "node_modules",
            "*.log",
            "*.tmp",
            "*.bak",
            "deploy_render.py",
            "render_config.json",
            "*.zip",
            "backups",
            "temp"
        ],
        "include_patterns": [
            "*.py",
            "*.html",
            "*.css",
            "*.js",
            "*.json",
            "*.txt",
            "*.md",
            "requirements.txt",
            "static/*",
            "templates/*"
        ],
        "backup_before_deploy": true,
        "create_zip_backup": true
    },
    "paths": {
        "source": ".",
        "backup": "./backups",
        "temp": "./temp"
    }
}