{
    "numero_factura": "0073",
    "fecha": "2025-05-10T01:39:56.061821",
    "tasa_cambio": 96.0,
    "cliente": {
        "rif": "26369968",
        "nombre": "gerardo",
        "direccion": "marcay",
        "telefono": "04121447869"
    },
    "items": [
        {
            "id": "30",
            "nombre": "OMEGA 3 X 30 UND",
            "cantidad": 25,
            "precio_unitario_usd": 4.2,
            "precio_unitario_bs": 403.20000000000005,
            "categoria": "Cardiovascular",
            "ruta_imagen": ""
        }
    ],
    "subtotal_bs": 10080.000000000002,
    "iva_bs": 201.60000000000005,
    "total_bs": 9973.152000000002,
    "subtotal_usd": 105.0,
    "iva_usd": 2.1,
    "total_usd": 103.887,
    "condicion_pago": "Contado",
    "dias_credito": 0,
    "tasa_iva_aplicada": 0.02,
    "descuento_porcentaje": 3.0,
    "descuento_bs": 308.44800000000004,
    "descuento_usd": 3.2129999999999996
}