{
    "numero_factura": "0090",
    "fecha": "2025-05-10T01:00:55.476082",
    "tasa_cambio": 95.0,
    "cliente": {
        "rif": "26369968",
        "nombre": "gerardo",
        "direccion": "marcay",
        "telefono": "04121447869"
    },
    "items": [
        {
            "id": "5",
            "nombre": "ARANDANO ROJO X 60 CAP",
            "cantidad": 30,
            "precio_unitario_usd": 3.0,
            "precio_unitario_bs": 285.0,
            "categoria": "Bactericida",
            "ruta_imagen": ""
        }
    ],
    "subtotal_bs": 8550.0,
    "iva_bs": 0.0,
    "total_bs": 8550.0,
    "subtotal_usd": 90.0,
    "iva_usd": 0.0,
    "total_usd": 90.0,
    "condicion_pago": "Contado",
    "dias_credito": 0,
    "tasa_iva_aplicada": 0.0,
    "descuento_porcentaje": 0.0,
    "descuento_bs": 0.0,
    "descuento_usd": 0.0
}