{
    "numero_factura": "0079",
    "fecha": "2025-05-10T02:13:40.243633",
    "tasa_cambio": 95.0,
    "cliente": {
        "rif": "26369968",
        "nombre": "gerardo",
        "direccion": "marcay",
        "telefono": "04121447869"
    },
    "items": [
        {
            "id": "19",
            "nombre": "ESCOBA DE CARNICERO X 60 CAP",
            "cantidad": 500,
            "precio_unitario_usd": 3.0,
            "precio_unitario_bs": 285.0,
            "categoria": "Circulación Insuficiencia Venosa",
            "ruta_imagen": ""
        }
    ],
    "subtotal_bs": 142500.0,
    "iva_bs": 0.0,
    "total_bs": 142500.0,
    "subtotal_usd": 1500.0,
    "iva_usd": 0.0,
    "total_usd": 1500.0,
    "condicion_pago": "Contado",
    "dias_credito": 0,
    "tasa_iva_aplicada": 0.0,
    "descuento_porcentaje": 0.0,
    "descuento_bs": 0.0,
    "descuento_usd": 0.0
}