{
    "numero_factura": "0089",
    "fecha": "2025-05-10T02:50:43.649117",
    "tasa_cambio": 93.0495,
    "cliente": {
        "rif": "V-19289407",
        "nombre": "BAUTISTA MUNDO NATURAL FP",
        "direccion": "AV. MIRANDA, LOCAL 133 SECTOR PUEBLO NUEVO ANZOATEGUI",
        "telefono": ""
    },
    "items": [
        {
            "id": "42",
            "nombre": "RUI BARDO X 60 CAP",
            "cantidad": 100,
            "precio_unitario_usd": 3.0,
            "precio_unitario_bs": 279.1485,
            "categoria": "Adelgazante-Laxante",
            "ruta_imagen": ""
        }
    ],
    "subtotal_bs": 27914.850000000002,
    "iva_bs": 0.0,
    "total_bs": 27914.850000000002,
    "subtotal_usd": 300.0,
    "iva_usd": 0.0,
    "total_usd": 300.0,
    "condicion_pago": "Contado",
    "dias_credito": 0,
    "tasa_iva_aplicada": 0.0,
    "descuento_porcentaje": 0.0,
    "descuento_bs": 0.0,
    "descuento_usd": 0.0
}