{
    "numero_factura": "0093",
    "fecha": "2025-05-10T20:38:00.403242",
    "tasa_cambio": 93.0495,
    "cliente": {
        "rif": "26369968",
        "nombre": "gerardo",
        "direccion": "marcay",
        "telefono": "04121447869"
    },
    "items": [
        {
            "id": "3",
            "nombre": "ANTITUMORAL X 60 CAP",
            "cantidad": 55,
            "precio_unitario_usd": 3.0,
            "precio_unitario_bs": 279.1485,
            "categoria": "Antitumorales - anticancerigeno",
            "ruta_imagen": ""
        }
    ],
    "subtotal_bs": 15353.167500000001,
    "iva_bs": 0.0,
    "total_bs": 15353.167500000001,
    "subtotal_usd": 165.0,
    "iva_usd": 0.0,
    "total_usd": 165.0,
    "condicion_pago": "Contado",
    "dias_credito": 0,
    "tasa_iva_aplicada": 0.0,
    "descuento_porcentaje": 0.0,
    "descuento_bs": 0.0,
    "descuento_usd": 0.0
}