{
    "numero_factura": "0070",
    "fecha": "2025-05-08T21:08:52.732757",
    "tasa_cambio": 90.0,
    "cliente": {
        "rif": "26369968",
        "nombre": "gerardo",
        "direccion": "marcay",
        "telefono": "04121447869"
    },
    "items": [
        {
            "id": "22",
            "nombre": "GINKGOBILOBA X 60 CAP",
            "cantidad": 9,
            "precio_unitario_usd": 3.0,
            "precio_unitario_bs": 270.0,
            "categoria": "Oxigenate Cerebral",
            "ruta_imagen": ""
        }
    ],
    "subtotal_bs": 2430.0,
    "iva_bs": 0.0,
    "total_bs": 2430.0,
    "subtotal_usd": 27.0,
    "iva_usd": 0.0,
    "total_usd": 27.0,
    "condicion_pago": "Contado",
    "dias_credito": 0,
    "tasa_iva_aplicada": 0.0
}