{
    "numero_factura": "0101",
    "fecha": "2025-05-10T22:10:11.344491",
    "tasa_cambio": 93.0495,
    "cliente": {
        "rif": "V-20504814",
        "nombre": "DANIELA COSTA",
        "direccion": "CALLE 8 AV PRINCIPAL MANZANA 79 FRENTE FERIA HORTALIZAS PTO ORDAZ",
        "telefono": ""
    },
    "items": [
        {
            "id": "26",
            "nombre": "LOCHITA X 60 CAP",
            "cantidad": 29,
            "precio_unitario_usd": 3.0,
            "precio_unitario_bs": 279.1485,
            "categoria": "Oxigenate Cerebral",
            "ruta_imagen": ""
        }
    ],
    "subtotal_bs": 8095.306500000001,
    "iva_bs": 0.0,
    "total_bs": 8095.306500000001,
    "subtotal_usd": 87.0,
    "iva_usd": 0.0,
    "total_usd": 87.0,
    "condicion_pago": "Credito",
    "dias_credito": 15,
    "tasa_iva_aplicada": 0.0,
    "descuento_porcentaje": 0.0,
    "descuento_bs": 0.0,
    "descuento_usd": 0.0
}