{
    "numero_factura": "0095",
    "fecha": "2025-05-10T20:45:55.769261",
    "tasa_cambio": 93.0495,
    "cliente": {
        "rif": "26369968",
        "nombre": "gerardo",
        "direccion": "marcay",
        "telefono": "04121447869"
    },
    "items": [
        {
            "id": "36",
            "nombre": "VENA CLEASNER X 60 CAP",
            "cantidad": 100,
            "precio_unitario_usd": 3.0,
            "precio_unitario_bs": 279.1485,
            "categoria": "Circulación Insuficiencia Venosa",
            "ruta_imagen": ""
        }
    ],
    "subtotal_bs": 27914.850000000002,
    "iva_bs": 0.0,
    "total_bs": 27914.850000000002,
    "subtotal_usd": 300.0,
    "iva_usd": 0.0,
    "total_usd": 300.0,
    "condicion_pago": "Contado",
    "dias_credito": 0,
    "tasa_iva_aplicada": 0.0,
    "descuento_porcentaje": 0.0,
    "descuento_bs": 0.0,
    "descuento_usd": 0.0
}