{
    "numero_factura": "0110",
    "fecha": "2025-05-10T22:16:14.782611",
    "tasa_cambio": 93.0495,
    "cliente": {
        "rif": "26369968",
        "nombre": "gerardo",
        "direccion": "marcay",
        "telefono": "04121447869"
    },
    "items": [
        {
            "id": "50",
            "nombre": "MULTIVIC",
            "cantidad": 200,
            "precio_unitario_usd": 3.0,
            "precio_unitario_bs": 279.1485,
            "categoria": "Vitaminas y Minerales",
            "ruta_imagen": ""
        }
    ],
    "subtotal_bs": 55829.700000000004,
    "iva_bs": 0.0,
    "total_bs": 55829.700000000004,
    "subtotal_usd": 600.0,
    "iva_usd": 0.0,
    "total_usd": 600.0,
    "condicion_pago": "Credito",
    "dias_credito": 13,
    "tasa_iva_aplicada": 0.0,
    "descuento_porcentaje": 0.0,
    "descuento_bs": 0.0,
    "descuento_usd": 0.0
}