{
    "numero_factura": "0063",
    "fecha": "2025-05-10T01:04:54.269468",
    "tasa_cambio": 95.0,
    "cliente": {
        "rif": "26369968",
        "nombre": "gerardo",
        "direccion": "marcay",
        "telefono": "04121447869"
    },
    "items": [
        {
            "id": "36",
            "nombre": "VENA CLEASNER X 60 CAP",
            "cantidad": 69,
            "precio_unitario_usd": 3.0,
            "precio_unitario_bs": 285.0,
            "categoria": "Circulación Insuficiencia Venosa",
            "ruta_imagen": ""
        }
    ],
    "subtotal_bs": 19665.0,
    "iva_bs": 0.0,
    "total_bs": 19271.7,
    "subtotal_usd": 207.0,
    "iva_usd": 0.0,
    "total_usd": 202.86,
    "condicion_pago": "Contado",
    "dias_credito": 0,
    "tasa_iva_aplicada": 0.0,
    "descuento_porcentaje": 2.0,
    "descuento_bs": 393.3,
    "descuento_usd": 4.14
}