{
    "numero_factura": "0091",
    "fecha": "2025-05-10T20:23:54.433341",
    "tasa_cambio": 93.0495,
    "cliente": {
        "rif": "V-12189390",
        "nombre": "NELLYDA",
        "direccion": "CAÑA DE AZUCAR MARACAY",
        "telefono": ""
    },
    "items": [
        {
            "id": "20",
            "nombre": "GINKGO C/ GINSENG X 60 CAP",
            "cantidad": 400,
            "precio_unitario_usd": 3.0,
            "precio_unitario_bs": 279.1485,
            "categoria": "Oxigenante/ Energizante",
            "ruta_imagen": ""
        }
    ],
    "subtotal_bs": 111659.40000000001,
    "iva_bs": 0.0,
    "total_bs": 111659.40000000001,
    "subtotal_usd": 1200.0,
    "iva_usd": 0.0,
    "total_usd": 1200.0,
    "condicion_pago": "Contado",
    "dias_credito": 0,
    "tasa_iva_aplicada": 0.0,
    "descuento_porcentaje": 0.0,
    "descuento_bs": 0.0,
    "descuento_usd": 0.0
}