{
    "numero_factura": "0069",
    "fecha": "2025-05-10T01:26:22.295991",
    "tasa_cambio": 95.0,
    "cliente": {
        "rif": "26369968",
        "nombre": "gerardo",
        "direccion": "marcay",
        "telefono": "04121447869"
    },
    "items": [
        {
            "id": "33",
            "nombre": "SABILAX-6 X 12 SOBRES X 12 UNDS",
            "cantidad": 400,
            "precio_unitario_usd": 8.5,
            "precio_unitario_bs": 807.5,
            "categoria": "Adelgazante-Laxante",
            "ruta_imagen": ""
        }
    ],
    "subtotal_bs": 323000.0,
    "iva_bs": 38760.0,
    "total_bs": 354524.8,
    "subtotal_usd": 3400.0,
    "iva_usd": 408.0,
    "total_usd": 3731.84,
    "condicion_pago": "Contado",
    "dias_credito": 0,
    "tasa_iva_aplicada": 0.12,
    "descuento_porcentaje": 2.0,
    "descuento_bs": 7235.2,
    "descuento_usd": 76.16
}