{
    "V-13.058.545": {
        "id": "V-13.058.545",
        "rif": "V-13.058.545",
        "tipo_identificacion": "V",
        "numero_identificacion": "13.058.545",
        "digito_verificador": "",
        "nombre": "ALICIA LUNA",
        "email": "alicia.luna@dominioinventado.com",
        "telefono": "+5804121123420",
        "direccion": "Urb Las Beatrices Manzana 11 # 09 C/ Bolivar - Edo- Bolivar",
        "fecha_creacion": "2025-07-29T23:34:40.317769",
        "usuario_creacion": "MIGRACION_SENIAT",
        "fecha_migracion": "2025-07-29T23:34:40.317769",
        "activo": true,
        "validado_seniat": true
    },
    "J-502628592": {
        "id": "J-502628592",
        "rif": "J-502628592",
        "tipo_identificacion": "J",
        "numero_identificacion": "502628592",
        "digito_verificador": "",
        "nombre": "DISTRIBUIDORA DE P/N LA ALFALFA",
        "email": "distribuidora.de.p/n.la.alfalfa@dominioinventado.com",
        "telefono": "+5804129303442",
        "direccion": "Avenida Principal Edificio Bloque 2 Piso 2 P13 Local 54 Urbanizacion Ud-5 Caracas",
        "fecha_creacion": "2025-07-29T23:34:40.317769",
        "usuario_creacion": "MIGRACION_SENIAT",
        "fecha_migracion": "2025-07-29T23:34:40.317769",
        "activo": true,
        "validado_seniat": true
    },
    "J-410100621": {
        "id": "J-410100621",
        "rif": "J-410100621",
        "tipo_identificacion": "J",
        "numero_identificacion": "410100621",
        "digito_verificador": "",
        "nombre": "FERRE AGROINDUSTRIAL LINO",
        "email": "ferre.agroindustrial.lino@dominioinventado.com",
        "telefono": "",
        "direccion": "Av Antonio De Berrios Local El Roble San Felix -Edo Bolivar",
        "fecha_creacion": "2025-07-29T23:34:40.317769",
        "usuario_creacion": "MIGRACION_SENIAT",
        "fecha_migracion": "2025-07-29T23:34:40.317769",
        "activo": true,
        "validado_seniat": false
    },
    "V-10523491": {
        "id": "V-10523491",
        "rif": "V-10523491",
        "tipo_identificacion": "V",
        "numero_identificacion": "10523491",
        "digito_verificador": "",
        "nombre": "JUAN FERREIRA",
        "email": "juan.ferreira@dominioinventado.com",
        "telefono": "",
        "direccion": "Calle Sucre Cc Girarot #94  Sector Casco Viejo El Tigre",
        "fecha_creacion": "2025-07-29T23:34:40.317769",
        "usuario_creacion": "MIGRACION_SENIAT",
        "fecha_migracion": "2025-07-29T23:34:40.317769",
        "activo": true,
        "validado_seniat": false
    },
    "V-13055342": {
        "id": "V-13055342",
        "rif": "V-13055342",
        "tipo_identificacion": "V",
        "numero_identificacion": "13055342",
        "digito_verificador": "",
        "nombre": "MIRIAM VAEZ",
        "email": "miriam.vaez@dominioinventado.com",
        "telefono": "+5804141468646",
        "direccion": "Mercado Libre Marcay Estado Aragua",
        "fecha_creacion": "2025-07-29T23:34:40.333363",
        "usuario_creacion": "MIGRACION_SENIAT",
        "fecha_migracion": "2025-07-29T23:34:40.333363",
        "activo": true,
        "validado_seniat": true
    },
    "V-12189390": {
        "id": "V-12189390",
        "rif": "V-12189390",
        "tipo_identificacion": "V",
        "numero_identificacion": "12189390",
        "digito_verificador": "",
        "nombre": "NELLYDA",
        "email": "nellyda@dominioinventado.com",
        "telefono": "",
        "direccion": "Caña De Azucar Maracay",
        "fecha_creacion": "2025-07-29T23:34:40.333363",
        "usuario_creacion": "MIGRACION_SENIAT",
        "fecha_migracion": "2025-07-29T23:34:40.333363",
        "activo": true,
        "validado_seniat": false
    },
    "J-503178573": {
        "id": "J-503178573",
        "rif": "J-503178573",
        "tipo_identificacion": "J",
        "numero_identificacion": "503178573",
        "digito_verificador": "",
        "nombre": "SALUD DIETETICA M& J 2023",
        "email": "salud.dietetica.m&.j.2023@dominioinventado.com",
        "telefono": "+5804243452738",
        "direccion": "Calle Libertad Local 126C Maracay",
        "fecha_creacion": "2025-07-29T23:34:40.333363",
        "usuario_creacion": "MIGRACION_SENIAT",
        "fecha_migracion": "2025-07-29T23:34:40.333363",
        "activo": true,
        "validado_seniat": true
    },
    "J-503178574": {
        "id": "J-503178574",
        "rif": "J-503178574",
        "tipo_identificacion": "J",
        "numero_identificacion": "503178574",
        "digito_verificador": "",
        "nombre": "SALUD DIETETICA V&D 2006 C.A.",
        "email": "salud.dietetica.v&d.2006.c.a.@dominioinventado.com",
        "telefono": "",
        "direccion": "Calle El Comercio Cc Paseo Colonial Don Pedro Nivel, Pb, Higuerote Edo Miranda",
        "fecha_creacion": "2025-07-29T23:34:40.333363",
        "usuario_creacion": "MIGRACION_SENIAT",
        "fecha_migracion": "2025-07-29T23:34:40.333363",
        "activo": true,
        "validado_seniat": false
    },
    "J-503178575": {
        "id": "J-503178575",
        "rif": "J-503178575",
        "tipo_identificacion": "J",
        "numero_identificacion": "503178575",
        "digito_verificador": "",
        "nombre": "T/N FARMA BOTICA",
        "email": "t/n.farma.botica@dominioinventado.com",
        "telefono": "+5804243383334",
        "direccion": "Terminal Pasajeros Maracay- Aragua",
        "fecha_creacion": "2025-07-29T23:34:40.333363",
        "usuario_creacion": "MIGRACION_SENIAT",
        "fecha_migracion": "2025-07-29T23:34:40.333363",
        "activo": true,
        "validado_seniat": true
    },
    "J-503178576": {
        "id": "J-503178576",
        "rif": "J-503178576",
        "tipo_identificacion": "J",
        "numero_identificacion": "503178576",
        "digito_verificador": "",
        "nombre": "T/N FERNATURAL",
        "email": "t/n.fernatural@dominioinventado.com",
        "telefono": "+5804243771007",
        "direccion": "Calle Mariño Entre Av. Bolivar Y Santos Michelena Maracay",
        "fecha_creacion": "2025-07-29T23:34:40.333363",
        "usuario_creacion": "MIGRACION_SENIAT",
        "fecha_migracion": "2025-07-29T23:34:40.333363",
        "activo": true,
        "validado_seniat": true
    },
    "J-504304603": {
        "id": "J-504304603",
        "rif": "J-504304603",
        "tipo_identificacion": "J",
        "numero_identificacion": "504304603",
        "digito_verificador": "",
        "nombre": "T/N  TU MUNDO NATURAL",
        "email": "t/n..tu.mundo.natural@dominioinventado.com",
        "telefono": "",
        "direccion": "Calle Vargas Cruce Con Negro Primero Cc Antaño Nivel Pb Local Pb-C, Marcay",
        "fecha_creacion": "2025-07-29T23:34:40.333363",
        "usuario_creacion": "MIGRACION_SENIAT",
        "fecha_migracion": "2025-07-29T23:34:40.333363",
        "activo": true,
        "validado_seniat": false
    },
    "J-504304604": {
        "id": "J-504304604",
        "rif": "J-504304604",
        "tipo_identificacion": "J",
        "numero_identificacion": "504304604",
        "digito_verificador": "",
        "nombre": "T/N VARIEDADES ANDREA ADREALUZ",
        "email": "t/n.variedades.andrea.adrealuz@dominioinventado.com",
        "telefono": "",
        "direccion": "Villa De Cura  Edo Aragua",
        "fecha_creacion": "2025-07-29T23:34:40.348986",
        "usuario_creacion": "MIGRACION_SENIAT",
        "fecha_migracion": "2025-07-29T23:34:40.348986",
        "activo": true,
        "validado_seniat": false
    },
    "J-504304605": {
        "id": "J-504304605",
        "rif": "J-504304605",
        "tipo_identificacion": "J",
        "numero_identificacion": "504304605",
        "digito_verificador": "",
        "nombre": "T/N VENEZUELA VITAL Y NATURAL",
        "email": "t/n.venezuela.vital.y.natural@dominioinventado.com",
        "telefono": "",
        "direccion": "Mercado Principal Maracay -Edo -Aragua",
        "fecha_creacion": "2025-07-29T23:34:40.348986",
        "usuario_creacion": "MIGRACION_SENIAT",
        "fecha_migracion": "2025-07-29T23:34:40.348986",
        "activo": true,
        "validado_seniat": false
    },
    "J-502357718": {
        "id": "J-502357718",
        "rif": "J-502357718",
        "tipo_identificacion": "J",
        "numero_identificacion": "502357718",
        "digito_verificador": "",
        "nombre": "VARIEDADES VIVE VERDE",
        "email": "variedades.vive.verde@dominioinventado.com",
        "telefono": "+5804144512744",
        "direccion": "Calle Miranda, Con Dr Manzo Frente Al Edif Kilzi Center, Villa De Cura.",
        "fecha_creacion": "2025-07-29T23:34:40.348986",
        "usuario_creacion": "MIGRACION_SENIAT",
        "fecha_migracion": "2025-07-29T23:34:40.348986",
        "activo": true,
        "validado_seniat": true
    },
    "V-6479143": {
        "id": "V-6479143",
        "rif": "V-6479143",
        "tipo_identificacion": "V",
        "numero_identificacion": "6479143",
        "digito_verificador": "",
        "nombre": "ZULEIMA SANCHEZ",
        "email": "zuleima.sanchez@dominioinventado.com",
        "telefono": "+5804148943822",
        "direccion": "Unare Ii Sector Ii Mercado Municipal Unare Edo Bolivar (Pasillo Principal)",
        "fecha_creacion": "2025-07-29T23:34:40.348986",
        "usuario_creacion": "MIGRACION_SENIAT",
        "fecha_migracion": "2025-07-29T23:34:40.348986",
        "activo": true,
        "validado_seniat": true
    },
    "V-17432268": {
        "id": "V-17432268",
        "rif": "V-17432268",
        "tipo_identificacion": "V",
        "numero_identificacion": "17432268",
        "digito_verificador": "",
        "nombre": "EDITH FIGUERA",
        "email": "edith.figuera@dominioinventado.com",
        "telefono": "",
        "direccion": "A.V Antonio Berrios Local El Roble , San Felix Bolivar",
        "fecha_creacion": "2025-07-29T23:34:40.364613",
        "usuario_creacion": "MIGRACION_SENIAT",
        "fecha_migracion": "2025-07-29T23:34:40.364613",
        "activo": true,
        "validado_seniat": false
    },
    "J-312239760": {
        "id": "J-312239760",
        "rif": "J-312239760",
        "tipo_identificacion": "J",
        "numero_identificacion": "312239760",
        "digito_verificador": "",
        "nombre": "DROGUERIA PRONALTIVO",
        "email": "drogueria.pronaltivo@dominioinventado.com",
        "telefono": "+5804123873431",
        "direccion": "Carrera 29 # 14.59, Urb La Coromoto, La Corcordia, Edo- Tachira",
        "fecha_creacion": "2025-07-29T23:34:40.364613",
        "usuario_creacion": "MIGRACION_SENIAT",
        "fecha_migracion": "2025-07-29T23:34:40.364613",
        "activo": true,
        "validado_seniat": true
    },
    "J-312239761": {
        "id": "J-312239761",
        "rif": "J-312239761",
        "tipo_identificacion": "J",
        "numero_identificacion": "312239761",
        "digito_verificador": "",
        "nombre": "FARMACIA PALO NEGRO",
        "email": "farmacia.palo.negro@dominioinventado.com",
        "telefono": "+5804143448447",
        "direccion": "Calle Bolivar, S/Centro De Palo Negro, Diagonal A Plaza Bolivar",
        "fecha_creacion": "2025-07-29T23:34:40.364613",
        "usuario_creacion": "MIGRACION_SENIAT",
        "fecha_migracion": "2025-07-29T23:34:40.364613",
        "activo": true,
        "validado_seniat": true
    },
    "J-308435376": {
        "id": "J-308435376",
        "rif": "J-308435376",
        "tipo_identificacion": "J",
        "numero_identificacion": "308435376",
        "digito_verificador": "",
        "nombre": "CENTRO DIETETICO VICTORIA",
        "email": "centro.dietetico.victoria@dominioinventado.com",
        "telefono": "+5804249464115",
        "direccion": "Calle Ayacucho Cruce Con Progreso # 65 Punta De Mata Monagas",
        "fecha_creacion": "2025-07-29T23:34:40.364613",
        "usuario_creacion": "MIGRACION_SENIAT",
        "fecha_migracion": "2025-07-29T23:34:40.364613",
        "activo": true,
        "validado_seniat": true
    },
    "V-27286925": {
        "id": "V-27286925",
        "rif": "V-27286925",
        "tipo_identificacion": "V",
        "numero_identificacion": "27286925",
        "digito_verificador": "",
        "nombre": "YAGEL BRICEÑO",
        "email": "yagel.briceño@dominioinventado.com",
        "telefono": "",
        "direccion": "Cc De La Economia Informal - Maracay -Edo Aragua",
        "fecha_creacion": "2025-07-29T23:34:40.380236",
        "usuario_creacion": "MIGRACION_SENIAT",
        "fecha_migracion": "2025-07-29T23:34:40.380236",
        "activo": true,
        "validado_seniat": false
    },
    "J-308435378": {
        "id": "J-308435378",
        "rif": "J-308435378",
        "tipo_identificacion": "J",
        "numero_identificacion": "308435378",
        "digito_verificador": "",
        "nombre": "T/N RENACER NATURAL",
        "email": "t/n.renacer.natural@dominioinventado.com",
        "telefono": "+5804120333026",
        "direccion": "Calle Vargas Entre Av Bolivar Y Santos Michelena Maracay",
        "fecha_creacion": "2025-07-29T23:34:40.380236",
        "usuario_creacion": "MIGRACION_SENIAT",
        "fecha_migracion": "2025-07-29T23:34:40.380236",
        "activo": true,
        "validado_seniat": true
    },
    "J-308435379": {
        "id": "J-308435379",
        "rif": "J-308435379",
        "tipo_identificacion": "J",
        "numero_identificacion": "308435379",
        "digito_verificador": "",
        "nombre": "T/N SANTA BARBARA",
        "email": "t/n.santa.barbara@dominioinventado.com",
        "telefono": "",
        "direccion": "Mercado Principal Maracay -Edo -Aragua",
        "fecha_creacion": "2025-07-29T23:34:40.380236",
        "usuario_creacion": "MIGRACION_SENIAT",
        "fecha_migracion": "2025-07-29T23:34:40.380236",
        "activo": true,
        "validado_seniat": false
    },
    "J-308435380": {
        "id": "J-308435380",
        "rif": "J-308435380",
        "tipo_identificacion": "J",
        "numero_identificacion": "308435380",
        "digito_verificador": "",
        "nombre": "PERFUMERIA LA GRAN OFERTA",
        "email": "perfumeria.la.gran.oferta@dominioinventado.com",
        "telefono": "",
        "direccion": "Casco Central Villa Cura",
        "fecha_creacion": "2025-07-29T23:34:40.395863",
        "usuario_creacion": "MIGRACION_SENIAT",
        "fecha_migracion": "2025-07-29T23:34:40.395863",
        "activo": true,
        "validado_seniat": false
    },
    "J-503478373": {
        "id": "J-503478373",
        "rif": "J-503478373",
        "tipo_identificacion": "J",
        "numero_identificacion": "503478373",
        "digito_verificador": "",
        "nombre": "FARMACIA JK, C.A",
        "email": "farmacia.jk,.c.a@dominioinventado.com",
        "telefono": "+5804123473236",
        "direccion": "Calle Paramaconi Cruce Con Arismendi Edf Ocumito Pb, Local 28 Palo Negro",
        "fecha_creacion": "2025-07-29T23:34:40.395863",
        "usuario_creacion": "MIGRACION_SENIAT",
        "fecha_migracion": "2025-07-29T23:34:40.395863",
        "activo": true,
        "validado_seniat": true
    },
    "J-302239729": {
        "id": "J-302239729",
        "rif": "J-302239729",
        "tipo_identificacion": "J",
        "numero_identificacion": "302239729",
        "digito_verificador": "",
        "nombre": "T/N AMERICA",
        "email": "t/n.america@dominioinventado.com",
        "telefono": "",
        "direccion": "Av. Luis Del Valle Garcia, Local 11 Clinica Santa Sofia, Maturin - Edo- Monagas",
        "fecha_creacion": "2025-07-29T23:34:40.395863",
        "usuario_creacion": "MIGRACION_SENIAT",
        "fecha_migracion": "2025-07-29T23:34:40.395863",
        "activo": true,
        "validado_seniat": false
    },
    "J502593167": {
        "id": "J502593167",
        "nombre": "EL OASIS DE LA SALUD",
        "email": "el.oasis.de.la.salud@dominioinventado.com",
        "telefono": "",
        "direccion": "LOCAL 11 MERCADO MUNICIPAL CUMANA",
        "validado_seniat": false,
        "rif": "J502593167"
    },
    "V-20504814": {
        "id": "V-20504814",
        "rif": "V-20504814",
        "tipo_identificacion": "V",
        "numero_identificacion": "20504814",
        "digito_verificador": "",
        "nombre": "DANIELA COSTA",
        "email": "daniela.costa@dominioinventado.com",
        "telefono": "+580412335945",
        "direccion": "Calle 8 Av Principal Manzana 79 Frente Feria Hortalizas Pto Ordaz",
        "fecha_creacion": "2025-07-29T23:34:40.395863",
        "usuario_creacion": "MIGRACION_SENIAT",
        "fecha_migracion": "2025-07-29T23:34:40.395863",
        "activo": true,
        "validado_seniat": true
    },
    "J-401759669": {
        "id": "J-401759669",
        "rif": "J-401759669",
        "tipo_identificacion": "J",
        "numero_identificacion": "401759669",
        "digito_verificador": "",
        "nombre": "MUNDO NATURAL",
        "email": "mundo.natural@dominioinventado.com",
        "telefono": "",
        "direccion": "Av . Merida Local 33 Sector Pueblo Nuevo - Anaco",
        "fecha_creacion": "2025-07-29T23:34:40.411489",
        "usuario_creacion": "MIGRACION_SENIAT",
        "fecha_migracion": "2025-07-29T23:34:40.411489",
        "activo": true,
        "validado_seniat": false
    },
    "J-401759670": {
        "id": "J-401759670",
        "rif": "J-401759670",
        "tipo_identificacion": "J",
        "numero_identificacion": "401759670",
        "digito_verificador": "",
        "nombre": "T/N FLORAL",
        "email": "t/n.floral@dominioinventado.com",
        "telefono": "+5804263836154",
        "direccion": "C.C.  Gina, Planta Baja, Local C-20, A.V Bermudez, Cumana-Sucre",
        "fecha_creacion": "2025-07-29T23:34:40.411489",
        "usuario_creacion": "MIGRACION_SENIAT",
        "fecha_migracion": "2025-07-29T23:34:40.411489",
        "activo": true,
        "validado_seniat": true
    },
    "V-65484532": {
        "id": "V-65484532",
        "rif": "V-65484532",
        "tipo_identificacion": "V",
        "numero_identificacion": "65484532",
        "digito_verificador": "",
        "nombre": "WILLIAM ANTONIO ORTIZ GARCIA",
        "email": "william.antonio.ortiz.garcia@dominioinventado.com",
        "telefono": "",
        "direccion": "Calle 4 Antigua Cumana, Local 31,  Sector Centro Maturin",
        "fecha_creacion": "2025-07-29T23:34:40.411489",
        "usuario_creacion": "MIGRACION_SENIAT",
        "fecha_migracion": "2025-07-29T23:34:40.411489",
        "activo": true,
        "validado_seniat": false
    },
    "J-501899061": {
        "id": "J-501899061",
        "rif": "J-501899061",
        "tipo_identificacion": "J",
        "numero_identificacion": "501899061",
        "digito_verificador": "",
        "nombre": "FARMACIA EUROSALUD",
        "email": "farmacia.eurosalud@dominioinventado.com",
        "telefono": "",
        "direccion": "Av. Miranda Oeste,Sector Romana, Local #05, Maracay",
        "fecha_creacion": "2025-07-29T23:34:40.427114",
        "usuario_creacion": "MIGRACION_SENIAT",
        "fecha_migracion": "2025-07-29T23:34:40.427114",
        "activo": true,
        "validado_seniat": false
    },
    "J-501899062": {
        "id": "J-501899062",
        "rif": "J-501899062",
        "tipo_identificacion": "J",
        "numero_identificacion": "501899062",
        "digito_verificador": "",
        "nombre": "LA BOUTIQUE DE LA MIEL",
        "email": "la.boutique.de.la.miel@dominioinventado.com",
        "telefono": "",
        "direccion": "Calle Sanchez Carrero, Maracay -  Edo Arargua",
        "fecha_creacion": "2025-07-29T23:34:40.427114",
        "usuario_creacion": "MIGRACION_SENIAT",
        "fecha_migracion": "2025-07-29T23:34:40.427114",
        "activo": true,
        "validado_seniat": false
    },
    "J-501899063": {
        "id": "J-501899063",
        "rif": "J-501899063",
        "tipo_identificacion": "J",
        "numero_identificacion": "501899063",
        "digito_verificador": "",
        "nombre": "EMPREDIMIENTO JOSE VASQUEZ 20",
        "email": "empredimiento.jose.vasquez.20@dominioinventado.com",
        "telefono": "",
        "direccion": "Calle Santos  Michelena Cc Boulevard  Perez Almarza Nivel Pb Local # 159 Maracay",
        "fecha_creacion": "2025-07-29T23:34:40.427114",
        "usuario_creacion": "MIGRACION_SENIAT",
        "fecha_migracion": "2025-07-29T23:34:40.427114",
        "activo": true,
        "validado_seniat": false
    },
    "J-501899064": {
        "id": "J-501899064",
        "rif": "J-501899064",
        "tipo_identificacion": "J",
        "numero_identificacion": "501899064",
        "digito_verificador": "",
        "nombre": "FARMACIA VIÑA DEL MAR",
        "email": "farmacia.viña.del.mar@dominioinventado.com",
        "telefono": "",
        "direccion": "Sector 1 Caña De Azucar  Mbi",
        "fecha_creacion": "2025-07-29T23:34:40.442736",
        "usuario_creacion": "MIGRACION_SENIAT",
        "fecha_migracion": "2025-07-29T23:34:40.442736",
        "activo": true,
        "validado_seniat": false
    },
    "J-501924333": {
        "id": "J-501924333",
        "rif": "J-501924333",
        "tipo_identificacion": "J",
        "numero_identificacion": "501924333",
        "digito_verificador": "",
        "nombre": "EL OASIS NATURAL",
        "email": "el.oasis.natural@dominioinventado.com",
        "telefono": "+5804122731776",
        "direccion": "Boulevard Perez Almarza Maracay",
        "fecha_creacion": "2025-07-29T23:34:40.442736",
        "usuario_creacion": "MIGRACION_SENIAT",
        "fecha_migracion": "2025-07-29T23:34:40.442736",
        "activo": true,
        "validado_seniat": true
    },
    "J-501924334": {
        "id": "J-501924334",
        "rif": "J-501924334",
        "tipo_identificacion": "J",
        "numero_identificacion": "501924334",
        "digito_verificador": "",
        "nombre": "T/N LOS MORROS",
        "email": "",
        "telefono": "+5800054",
        "direccion": "Mercado Libre Maracay Estado Aragua",
        "fecha_creacion": "2025-07-29T23:34:40.442736",
        "usuario_creacion": "MIGRACION_SENIAT",
        "fecha_migracion": "2025-07-29T23:34:40.442736",
        "activo": true,
        "validado_seniat": false
    },
    "J-412047841": {
        "id": "J-412047841",
        "rif": "J-412047841",
        "tipo_identificacion": "J",
        "numero_identificacion": "412047841",
        "digito_verificador": "",
        "nombre": "CASA NATURISTA LP LINO C.A",
        "email": "",
        "telefono": "",
        "direccion": "Av Antonio De Berrios Manzana C3 Local 1-A Urb Manoa San Felix Estado Bolivar",
        "fecha_creacion": "2025-07-29T23:34:40.442736",
        "usuario_creacion": "MIGRACION_SENIAT",
        "fecha_migracion": "2025-07-29T23:34:40.442736",
        "activo": true,
        "validado_seniat": false
    },
    "J-412047842": {
        "id": "J-412047842",
        "rif": "J-412047842",
        "tipo_identificacion": "J",
        "numero_identificacion": "412047842",
        "digito_verificador": "",
        "nombre": "CASA NATURISTA VALLE VERDE",
        "email": "",
        "telefono": "",
        "direccion": "El Chaparro Edo - Anzoategui",
        "fecha_creacion": "2025-07-29T23:34:40.458363",
        "usuario_creacion": "MIGRACION_SENIAT",
        "fecha_migracion": "2025-07-29T23:34:40.458363",
        "activo": true,
        "validado_seniat": false
    },
    "V-17894565": {
        "id": "V-17894565",
        "rif": "V-17894565",
        "tipo_identificacion": "V",
        "numero_identificacion": "17894565",
        "digito_verificador": "",
        "nombre": "ALI  YAKIH",
        "email": "",
        "telefono": "",
        "direccion": "Av. Luis Del Valle Garcia, Local 11 Clinica Santa Sofia, Maturin - Edo- Monagas",
        "fecha_creacion": "2025-07-29T23:34:40.458363",
        "usuario_creacion": "MIGRACION_SENIAT",
        "fecha_migracion": "2025-07-29T23:34:40.458363",
        "activo": true,
        "validado_seniat": false
    },
    "J-400125820": {
        "id": "J-400125820",
        "rif": "J-400125820",
        "tipo_identificacion": "J",
        "numero_identificacion": "400125820",
        "digito_verificador": "",
        "nombre": "T/N EL RINCON DEL FISICOCULTURISTA",
        "email": "",
        "telefono": "",
        "direccion": "Calle Mariño, Cc Comuna  13 De Enero Localk #4 Turmero Aragua",
        "fecha_creacion": "2025-07-29T23:34:40.458363",
        "usuario_creacion": "MIGRACION_SENIAT",
        "fecha_migracion": "2025-07-29T23:34:40.458363",
        "activo": true,
        "validado_seniat": false
    },
    "V-23298746": {
        "id": "V-23298746",
        "rif": "V-23298746",
        "tipo_identificacion": "V",
        "numero_identificacion": "23298746",
        "digito_verificador": "",
        "nombre": "JACKELINE DE GUEDEZ",
        "email": "",
        "telefono": "",
        "direccion": "El Paseo Del Limon",
        "fecha_creacion": "2025-07-29T23:34:40.473989",
        "usuario_creacion": "MIGRACION_SENIAT",
        "fecha_migracion": "2025-07-29T23:34:40.473989",
        "activo": true,
        "validado_seniat": false
    },
    "V-19289407": {
        "id": "V-19289407",
        "rif": "V-19289407",
        "tipo_identificacion": "V",
        "numero_identificacion": "19289407",
        "digito_verificador": "",
        "nombre": "BAUTISTA MUNDO NATURAL FP",
        "email": "",
        "telefono": "",
        "direccion": "Av. Miranda, Local 133 Sector Pueblo Nuevo Anzoategui",
        "fecha_creacion": "2025-07-29T23:34:40.473989",
        "usuario_creacion": "MIGRACION_SENIAT",
        "fecha_migracion": "2025-07-29T23:34:40.473989",
        "activo": true,
        "validado_seniat": false
    },
    "J-075272994": {
        "id": "J-075272994",
        "rif": "J-075272994",
        "tipo_identificacion": "J",
        "numero_identificacion": "075272994",
        "digito_verificador": "",
        "nombre": "CENTRO NATURAL SRL",
        "email": "",
        "telefono": "",
        "direccion": "Av. Bolivar Cc Parque Aragua Nivel 4 Local 22 Maracay",
        "fecha_creacion": "2025-07-29T23:34:40.473989",
        "usuario_creacion": "MIGRACION_SENIAT",
        "fecha_migracion": "2025-07-29T23:34:40.473989",
        "activo": true,
        "validado_seniat": false
    },
    "26369968": {
        "id": "26369968",
        "nombre": "gerardo",
        "email": "",
        "telefono": "04121447869",
        "direccion": "marcay",
        "validado_seniat": false,
        "rif": "26369968"
    },
    "N/A": {
        "id": "N/A",
        "nombre": "T/N CASA VERDE",
        "email": "",
        "telefono": "0243-2673767",
        "direccion": "Calle Gran Demócrata, 18 sector centro I, Palo Negro 2117, Aragua",
        "validado_seniat": false,
        "rif": "N/A"
    },
    "V-7240529": {
        "id": "V-7240529",
        "rif": "V-7240529",
        "tipo_identificacion": "V",
        "numero_identificacion": "7240529",
        "digito_verificador": "",
        "nombre": "LUIS ARIAS",
        "email": "",
        "telefono": "04243389609",
        "direccion": "Av. 106, Nro 48 Barrio La Coromoto, Los Tacarigua, Maracay Estado Aragua.",
        "fecha_creacion": "2025-07-29T23:34:40.489612",
        "usuario_creacion": "MIGRACION_SENIAT",
        "fecha_migracion": "2025-07-29T23:34:40.489612",
        "activo": true,
        "validado_seniat": true
    },
    "V-26369968": {
        "id": "V-26369968",
        "rif": "V-26369968",
        "tipo_identificacion": "V",
        "numero_identificacion": "26369968",
        "digito_verificador": "",
        "nombre": "GERARDO",
        "email": "gerardojaime72@gmail.com",
        "telefono": "04121447869",
        "direccion": "Caña De Azucar Sector 2 Vereda 64 Casa 1-A",
        "fecha_creacion": "2025-07-29T23:34:40.489612",
        "usuario_creacion": "MIGRACION_SENIAT",
        "fecha_migracion": "2025-07-29T23:34:40.489612",
        "activo": true,
        "validado_seniat": true
    },
    "J-500845600": {
        "id": "J-500845600",
        "rif": "J-500845600",
        "tipo_identificacion": "J",
        "numero_identificacion": "500845600",
        "digito_verificador": "",
        "nombre": "TIENDA NATURAL FUTURO NATURAL",
        "email": "",
        "telefono": "+5804144673517",
        "direccion": "Calle Cedeño, Con Calle Mariño, Cerca De Macuto, Turmero, Aragua, Venezuela.",
        "fecha_creacion": "2025-07-29T23:34:40.489612",
        "usuario_creacion": "MIGRACION_SENIAT",
        "fecha_migracion": "2025-07-29T23:34:40.489612",
        "activo": true,
        "validado_seniat": true
    },
    "V-6471279": {
        "id": "V-6471279",
        "rif": "V-6471279",
        "tipo_identificacion": "V",
        "numero_identificacion": "6471279",
        "digito_verificador": "",
        "nombre": "JOSE RODRIGUEZ",
        "email": "",
        "telefono": "+5804144909579",
        "direccion": "Calle Soublet Cruze Con Santos Michelena",
        "fecha_creacion": "2025-07-29T23:34:40.489612",
        "usuario_creacion": "MIGRACION_SENIAT",
        "fecha_migracion": "2025-07-29T23:34:40.489612",
        "activo": true,
        "validado_seniat": true
    },
    "J-300473090": {
        "id": "J-300473090",
        "rif": "J-300473090",
        "tipo_identificacion": "J",
        "numero_identificacion": "300473090",
        "digito_verificador": "",
        "nombre": "TIENDA DIETETICA EL MANA C.A",
        "email": "",
        "telefono": "+5804121123420",
        "direccion": "Calle Sucre/ Con Calle Girardot #94 Lateral Iglesia Virgen Del Valle  Sector Casco Viejo El Tigre",
        "fecha_creacion": "2025-07-29T23:34:40.505238",
        "usuario_creacion": "MIGRACION_SENIAT",
        "fecha_migracion": "2025-07-29T23:34:40.505238",
        "activo": true,
        "validado_seniat": true
    },
    "V-205048142": {
        "id": "V-205048142",
        "rif": "V-205048142",
        "tipo_identificacion": "V",
        "numero_identificacion": "205048142",
        "digito_verificador": "",
        "nombre": "DANIELA CASTRO",
        "email": "",
        "telefono": "+5804147619184",
        "direccion": "Calle 8, Av Principal, Manzana 69, Local 01, Frente  A La Feria Cristiana De Hortalizas, Puerto Ordaz, Venezuela",
        "fecha_creacion": "2025-07-29T23:34:40.505238",
        "usuario_creacion": "MIGRACION_SENIAT",
        "fecha_migracion": "2025-07-29T23:34:40.505238",
        "activo": true,
        "validado_seniat": true
    },
    "V-9339073": {
        "id": "V-9339073",
        "rif": "V-9339073",
        "tipo_identificacion": "V",
        "numero_identificacion": "9339073",
        "digito_verificador": "",
        "nombre": "ANGEL ROBERTO JAIMES DUQUE",
        "email": "angelrobertojaimes50@gmail.com",
        "telefono": "+5804247286225",
        "direccion": "Caña De Azucar Sector 2 Vereda 64 Casa 1-A",
        "fecha_creacion": "2025-07-29T23:18:00.567228",
        "usuario_creacion": "admin",
        "activo": true,
        "validado_seniat": true
    },
    "V-8576138": {
        "id": "V-8576138",
        "rif": "V-8576138",
        "tipo_identificacion": "V",
        "numero_identificacion": "8576138",
        "digito_verificador": "",
        "nombre": "JOSE GREGORIO RUIZ",
        "email": "josegregorioruiz@gmail.com",
        "telefono": "+5804121447869",
        "direccion": "Cajua Aragua",
        "fecha_creacion": "2025-08-10T22:40:50.854939",
        "usuario_creacion": "admin",
        "activo": true,
        "validado_seniat": true
    }
}