{
  "V-13.058.545": {
    "id": "V-13.058.545",
    "nombre": "ALICIA LUNA",
    "email": "alicia.luna@dominioinventado.com",
    "telefono": "+5804121123420",
    "direccion": "URB LAS BEATRICES MANZANA 11 # 09 C/ BOLIVAR - EDO- BOLIVAR"
  },
  "J-502628592": {
    "id": "J-502628592",
    "nombre": "DISTRIBUIDORA DE P/N LA ALFALFA",
    "email": "distribuidora.de.p/n.la.alfalfa@dominioinventado.com",
    "telefono": "+5804129303442",
    "direccion": "AVENIDA PRINCIPAL EDIFICIO BLOQUE 2 PISO 2 P13 LOCAL 54 URBANIZACION UD-5 CARACAS"
  },
  "J-410100621": {
    "id": "J-410100621",
    "nombre": "FERRE AGROINDUSTRIAL LINO",
    "email": "ferre.agroindustrial.lino@dominioinventado.com",
    "telefono": "",
    "direccion": "AV ANTONIO DE BERRIOS LOCAL EL ROBLE SAN FELIX -EDO BOLIVAR"
  },
  "V-10523491": {
    "id": "V-10523491",
    "nombre": "JUAN FERREIRA",
    "email": "juan.ferreira@dominioinventado.com",
    "telefono": "",
    "direccion": "CALLE SUCRE CC GIRAROT #94  SECTOR CASCO VIEJO EL TIGRE"
  },
  "V-13055342": {
    "id": "V-13055342",
    "nombre": "MIRIAM VAEZ",
    "email": "miriam.vaez@dominioinventado.com",
    "telefono": "+5804141468646",
    "direccion": "MERCADO LIBRE MARCAY ESTADO ARAGUA"
  },
  "V-12189390": {
    "id": "V-12189390",
    "nombre": "NELLYDA",
    "email": "nellyda@dominioinventado.com",
    "telefono": "",
    "direccion": "CAÑA DE AZUCAR MARACAY"
  },
  "J-503178573": {
    "id": "J-503178573",
    "nombre": "SALUD DIETETICA M& J 2023",
    "email": "salud.dietetica.m&.j.2023@dominioinventado.com",
    "telefono": "+5804243452738",
    "direccion": "CALLE LIBERTAD LOCAL 126C MARACAY"
  },
  "J-503178574": {
    "id": "J-503178574",
    "nombre": "SALUD DIETETICA V&D 2006 C.A.",
    "email": "salud.dietetica.v&d.2006.c.a.@dominioinventado.com",
    "telefono": "",
    "direccion": "CALLE EL COMERCIO CC PASEO COLONIAL DON PEDRO NIVEL, PB, HIGUEROTE EDO MIRANDA"
  },
  "J-503178575": {
    "id": "J-503178575",
    "nombre": "T/N FARMA BOTICA",
    "email": "t/n.farma.botica@dominioinventado.com",
    "telefono": "+5804243383334",
    "direccion": "TERMINAL PASAJEROS MARACAY- ARAGUA"
  },
  "J-503178576": {
    "id": "J-503178576",
    "nombre": "T/N FERNATURAL",
    "email": "t/n.fernatural@dominioinventado.com",
    "telefono": "+5804243771007",
    "direccion": "CALLE MARIÑO ENTRE AV. BOLIVAR Y SANTOS MICHELENA MARACAY"
  },
  "J-504304603": {
    "id": "J-504304603",
    "nombre": "T/N  TU MUNDO NATURAL",
    "email": "t/n..tu.mundo.natural@dominioinventado.com",
    "telefono": "",
    "direccion": "CALLE VARGAS CRUCE CON NEGRO PRIMERO CC ANTAÑO NIVEL PB LOCAL PB-C, MARCAY"
  },
  "J-504304604": {
    "id": "J-504304604",
    "nombre": "T/N VARIEDADES ANDREA ADREALUZ",
    "email": "t/n.variedades.andrea.adrealuz@dominioinventado.com",
    "telefono": "",
    "direccion": "VILLA DE CURA  EDO ARAGUA"
  },
  "J-504304605": {
    "id": "J-504304605",
    "nombre": "T/N VENEZUELA VITAL Y NATURAL",
    "email": "t/n.venezuela.vital.y.natural@dominioinventado.com",
    "telefono": "",
    "direccion": "MERCADO PRINCIPAL MARACAY -EDO -ARAGUA"
  },
  "J-502357718": {
    "id": "J-502357718",
    "nombre": "VARIEDADES VIVE VERDE",
    "email": "variedades.vive.verde@dominioinventado.com",
    "telefono": "+5804144512744",
    "direccion": "CALLE MIRANDA, CON DR MANZO FRENTE AL EDIF KILZI CENTER, VILLA DE CURA."
  },
  "V-6479143": {
    "id": "V-6479143",
    "nombre": "ZULEIMA SANCHEZ",
    "email": "zuleima.sanchez@dominioinventado.com",
    "telefono": "+5804148943822",
    "direccion": "UNARE II SECTOR II MERCADO MUNICIPAL UNARE EDO BOLIVAR (PASILLO PRINCIPAL)"
  },
  "V-17432268": {
    "id": "V-17432268",
    "nombre": "EDITH FIGUERA",
    "email": "edith.figuera@dominioinventado.com",
    "telefono": "",
    "direccion": "A.V ANTONIO BERRIOS LOCAL EL ROBLE , SAN FELIX BOLIVAR"
  },
  "J-312239760": {
    "id": "J-312239760",
    "nombre": "DROGUERIA PRONALTIVO",
    "email": "drogueria.pronaltivo@dominioinventado.com",
    "telefono": "+5804123873431",
    "direccion": "CARRERA 29 # 14.59, URB LA COROMOTO, LA CORCORDIA, EDO- TACHIRA"
  },
  "J-312239761": {
    "id": "J-312239761",
    "nombre": "FARMACIA PALO NEGRO",
    "email": "farmacia.palo.negro@dominioinventado.com",
    "telefono": "+5804143448447",
    "direccion": "CALLE BOLIVAR, S/CENTRO DE PALO NEGRO, DIAGONAL A PLAZA BOLIVAR"
  },
  "J-308435376": {
    "id": "J-308435376",
    "nombre": "CENTRO DIETETICO VICTORIA",
    "email": "centro.dietetico.victoria@dominioinventado.com",
    "telefono": "+5804249464115",
    "direccion": "CALLE AYACUCHO CRUCE CON PROGRESO # 65 PUNTA DE MATA MONAGAS"
  },
  "V-27286925": {
    "id": "V-27286925",
    "nombre": "YAGEL BRICEÑO",
    "email": "yagel.briceño@dominioinventado.com",
    "telefono": "",
    "direccion": "CC DE LA ECONOMIA INFORMAL - MARACAY -EDO ARAGUA"
  },
  "J-308435378": {
    "id": "J-308435378",
    "nombre": "T/N RENACER NATURAL",
    "email": "t/n.renacer.natural@dominioinventado.com",
    "telefono": "+5804120333026",
    "direccion": "CALLE VARGAS ENTRE AV BOLIVAR Y SANTOS MICHELENA MARACAY"
  },
  "J-308435379": {
    "id": "J-308435379",
    "nombre": "T/N SANTA BARBARA",
    "email": "t/n.santa.barbara@dominioinventado.com",
    "telefono": "",
    "direccion": "MERCADO PRINCIPAL MARACAY -EDO -ARAGUA"
  },
  "J-308435380": {
    "id": "J-308435380",
    "nombre": "PERFUMERIA LA GRAN OFERTA",
    "email": "perfumeria.la.gran.oferta@dominioinventado.com",
    "telefono": "",
    "direccion": "CASCO CENTRAL VILLA CURA"
  },
  "J-503478373": {
    "id": "J-503478373",
    "nombre": "FARMACIA JK, C.A",
    "email": "farmacia.jk,.c.a@dominioinventado.com",
    "telefono": "+5804123473236",
    "direccion": "CALLE PARAMACONI CRUCE CON ARISMENDI EDF OCUMITO PB, LOCAL 28 PALO NEGRO"
  },
  "J-302239729": {
    "id": "J-302239729",
    "nombre": "T/N AMERICA",
    "email": "t/n.america@dominioinventado.com",
    "telefono": "",
    "direccion": "AV. LUIS DEL VALLE GARCIA, LOCAL 11 CLINICA SANTA SOFIA, MATURIN - EDO- MONAGAS"
  },
  "J502593167": {
    "id": "J502593167",
    "nombre": "EL OASIS DE LA SALUD",
    "email": "el.oasis.de.la.salud@dominioinventado.com",
    "telefono": "",
    "direccion": "LOCAL 11 MERCADO MUNICIPAL CUMANA"
  },
  "V-20504814": {
    "id": "V-20504814",
    "nombre": "DANIELA COSTA",
    "email": "daniela.costa@dominioinventado.com",
    "telefono": "+580412335945",
    "direccion": "CALLE 8 AV PRINCIPAL MANZANA 79 FRENTE FERIA HORTALIZAS PTO ORDAZ"
  },
  "J-401759669": {
    "id": "J-401759669",
    "nombre": "MUNDO NATURAL",
    "email": "mundo.natural@dominioinventado.com",
    "telefono": "",
    "direccion": "AV . MERIDA LOCAL 33 SECTOR PUEBLO NUEVO - ANACO"
  },
  "J-401759670": {
    "id": "J-401759670",
    "nombre": "T/N FLORAL",
    "email": "t/n.floral@dominioinventado.com",
    "telefono": "+5804263836154",
    "direccion": "C.C.  GINA, PLANTA BAJA, LOCAL C-20, A.V BERMUDEZ, CUMANA-SUCRE"
  },
  "V-65484532": {
    "id": "V-65484532",
    "nombre": "WILLIAM ANTONIO ORTIZ GARCIA",
    "email": "william.antonio.ortiz.garcia@dominioinventado.com",
    "telefono": "",
    "direccion": "CALLE 4 ANTIGUA CUMANA, LOCAL 31,  SECTOR CENTRO MATURIN"
  },
  "J-501899061": {
    "id": "J-501899061",
    "nombre": "FARMACIA EUROSALUD",
    "email": "farmacia.eurosalud@dominioinventado.com",
    "telefono": "",
    "direccion": "AV. MIRANDA OESTE,SECTOR ROMANA, LOCAL #05, MARACAY"
  },
  "J-501899062": {
    "id": "J-501899062",
    "nombre": "LA BOUTIQUE DE LA MIEL",
    "email": "la.boutique.de.la.miel@dominioinventado.com",
    "telefono": "",
    "direccion": "CALLE SANCHEZ CARRERO, MARACAY -  EDO ARARGUA"
  },
  "J-501899063": {
    "id": "J-501899063",
    "nombre": "EMPREDIMIENTO JOSE VASQUEZ 20",
    "email": "empredimiento.jose.vasquez.20@dominioinventado.com",
    "telefono": "",
    "direccion": "CALLE SANTOS  MICHELENA CC BOULEVARD  PEREZ ALMARZA NIVEL PB LOCAL # 159 MARACAY"
  },
  "J-501899064": {
    "id": "J-501899064",
    "nombre": "FARMACIA VIÑA DEL MAR",
    "email": "farmacia.viña.del.mar@dominioinventado.com",
    "telefono": "",
    "direccion": "SECTOR 1 CAÑA DE AZUCAR  MBI"
  },
  "J-501924333": {
    "id": "J-501924333",
    "nombre": "EL OASIS NATURAL",
    "email": "el.oasis.natural@dominioinventado.com",
    "telefono": "+5804122731776",
    "direccion": "BOULEVARD PEREZ ALMARZA MARACAY"
  },
  "J-501924334": {
    "id": "J-501924334",
    "nombre": "T/N LOS MORROS",
    "email": "",
    "telefono": "+5800054",
    "direccion": "MERCADO LIBRE MARACAY ESTADO ARAGUA"
  },
  "J-412047841": {
    "id": "J-412047841",
    "nombre": "CASA NATURISTA LP LINO C.A",
    "email": "",
    "telefono": "",
    "direccion": "AV ANTONIO DE BERRIOS MANZANA C3 LOCAL 1-A URB MANOA SAN FELIX ESTADO BOLIVAR"
  },
  "J-412047842": {
    "id": "J-412047842",
    "nombre": "CASA NATURISTA VALLE VERDE",
    "email": "",
    "telefono": "",
    "direccion": "EL CHAPARRO EDO - ANZOATEGUI"
  },
  "V-17894565": {
    "id": "V-17894565",
    "nombre": "ALI  YAKIH",
    "email": "",
    "telefono": "",
    "direccion": "AV. LUIS DEL VALLE GARCIA, LOCAL 11 CLINICA SANTA SOFIA, MATURIN - EDO- MONAGAS"
  },
  "J-400125820": {
    "id": "J-400125820",
    "nombre": "T/N EL RINCON DEL FISICOCULTURISTA",
    "email": "",
    "telefono": "",
    "direccion": "CALLE MARIÑO, CC COMUNA  13 DE ENERO LOCALK #4 TURMERO ARAGUA"
  },
  "V-23298746": {
    "id": "V-23298746",
    "nombre": "JACKELINE DE GUEDEZ",
    "email": "",
    "telefono": "",
    "direccion": "EL PASEO DEL LIMON"
  },
  "V-19289407": {
    "id": "V-19289407",
    "nombre": "BAUTISTA MUNDO NATURAL FP",
    "email": "",
    "telefono": "",
    "direccion": "AV. MIRANDA, LOCAL 133 SECTOR PUEBLO NUEVO ANZOATEGUI"
  },
  "J-075272994": {
    "id": "J-075272994",
    "nombre": "CENTRO NATURAL SRL",
    "email": "",
    "telefono": "",
    "direccion": "AV. BOLIVAR CC PARQUE ARAGUA NIVEL 4 LOCAL 22 MARACAY"
  },
  "26369968": {
    "id": "26369968",
    "nombre": "gerardo",
    "email": "",
    "telefono": "04121447869",
    "direccion": "marcay"
  },
  "N/A": {
    "id": "N/A",
    "nombre": "T/N CASA VERDE",
    "email": "",
    "telefono": "0243-2673767",
    "direccion": "Calle Gran Demócrata, 18 sector centro I, Palo Negro 2117, Aragua"
  },
  "V-7240529": {
    "id": "V-7240529",
    "nombre": "LUIS ARIAS",
    "email": "",
    "telefono": "04243389609",
    "direccion": "AV. 106, NRO 48 BARRIO LA COROMOTO, LOS TACARIGUA, MARACAY ESTADO ARAGUA."
  },
  "V-26369968": {
    "id": "V-26369968",
    "nombre": "GERARDO",
    "email": "gerardojaime72@gmail.com",
    "telefono": "04121447869",
    "direccion": "caña de azucar sector 2 vereda 64 casa 1-a"
  },
  "J-500845600": {
    "id": "J-500845600",
    "nombre": "TIENDA NATURAL FUTURO NATURAL",
    "email": "",
    "telefono": "+5804144673517",
    "direccion": "Calle Cedeño, con Calle Mariño, cerca de Macuto, Turmero, Aragua, Venezuela."
  },
  "V-6471279": {
    "id": "V-6471279",
    "nombre": "JOSE RODRIGUEZ",
    "email": "",
    "telefono": "+5804144909579",
    "direccion": "CALLE SOUBLET CRUZE CON SANTOS MICHELENA"
  },
  "J-300473090": {
    "id": "J-300473090",
    "nombre": "TIENDA DIETETICA EL MANA C.A",
    "email": "",
    "telefono": "+5804121123420",
    "direccion": "Calle sucre/ con calle Girardot #94 lateral iglesia virgen del valle  sector casco viejo el tigre"
  },
  "V-205048142": {
    "id": "V-205048142",
    "nombre": "DANIELA CASTRO",
    "email": "",
    "telefono": "+5804147619184",
    "direccion": "CALLE 8, AV PRINCIPAL, MANZANA 69, LOCAL 01, FRENTE  A LA FERIA CRISTIANA DE HORTALIZAS, PUERTO ORDAZ, VENEZUELA"
  },
  "V-9339073": {
    "id": "V-9339073",
    "rif": "V-9339073",
    "tipo_identificacion": "V",
    "numero_identificacion": "9339073",
    "digito_verificador": "",
    "nombre": "ANGEL ROBERTO JAIMES DUQUE",
    "email": "angelrobertojaimes50@gmail.com",
    "telefono": "+5804247286225",
    "direccion": "Caña De Azucar Sector 2 Vereda 64 Casa 1-A",
    "fecha_creacion": "2025-07-29T23:18:00.567228",
    "usuario_creacion": "admin",
    "activo": true,
    "validado_seniat": true
  }
}