{
  "fecha": "2025-09-04T21:53:46.632425",
  "proyecto": "Sistema de Recordatorios KISVIC",
  "directorio": "C:\\Users\\G-FIVE\\OneDrive\\Escritorio\\kisvic2025-9246e7fb3268c44068309b48f25e30fa9894b320",
  "archivos_respaldados": [
    "app.py",
    "requirements.txt",
    "templates/",
    "static/",
    "*.json",
    "*.md",
    "*.bat",
    "*.py"
  ],
  "exclusiones": [
    "__pycache__/",
    "*.pyc",
    "*.pyo",
    "*.log",
    "backups*/",
    "temp*/",
    ".git/",
    "venv/",
    "node_modules/"
  ]
}